{
  "description": "项目配置文件",
  "packOptions": {
    "ignore": []
  },
  "setting": {
    "urlCheck": false,
    "es6": true,
    "enhance": true,
    "postcss": true,
    "preloadBackgroundData": false,
    "minified": true,
    "newFeature": true,
    "coverView": true,
    "nodeModules": true,
    "autoAudits": false,
    "showShadowRootInWxmlPanel": true,
    "scopeDataCheck": false,
    "uglifyFileName": false,
    "checkInvalidKey": true,
    "checkSiteMap": true,
    "uploadWithSourceMap": true,
    "compileHotReLoad": false,
    "useMultiFrameRuntime": true,
    "useApiHook": true,
    "useApiHostProcess": false,
    "babelSetting": {
      "ignore": [],
      "disablePlugins": [],
      "outputPath": ""
    },
    "enableEngineNative": false,
    "bundle": false,
    "useIsolateContext": true,
    "useCompilerModule": true,
    "userConfirmedUseCompilerModuleSwitch": false,
    "userConfirmedBundleSwitch": false,
    "packNpmManually": false,
    "packNpmRelationList": [],
    "minifyWXSS": true
  },
  "compileType": "miniprogram",
  "libVersion": "2.15.0",
  "appid": "wx0494df48bafef3ec",
  "projectname": "app-shop",
  "debugOptions": {
    "hidedInDevtools": []
  },
  "isGameTourist": false,
  "simulatorType": "wechat",
  "simulatorPluginLibVersion": {},
  "condition": {
    "search": {
      "list": []
    },
    "conversation": {
      "list": []
    },
    "plugin": {
      "list": []
    },
    "game": {
      "currentL": -1,
      "list": []
    },
    "gamePlugin": {
      "list": []
    },
    "miniprogram": {
      "list": [
        {
          "id": 0,
          "name": "分类页面",
          "pathName": "pages/category/index",
          "query": "id= '89353'",
          "scene": null
        },
        {
          "id": 1,
          "name": "列表页面",
          "pathName": "pages/goods_list/index",
          "query": "cid=5",
          "scene": null
        },
        {
          "id": 2,
          "name": "商品详情",
          "pathName": "pages/goods_detail/index",
          "query": "id= 266976",
          "scene": null
        },
        {
          "id": -1,
          "name": "购物车页面",
          "pathName": "pages/cart/index",
          "query": "",
          "scene": null
        },
        {
          "id": -1,
          "name": "支付页面",
          "pathName": "pages/pay/index",
          "query": "",
          "scene": null
        },
        {
          "id": -1,
          "name": "授权",
          "pathName": "pages/auth/index",
          "query": "",
          "scene": null
        },
        {
          "id": -1,
          "name": "登录",
          "pathName": "pages/login/index",
          "query": "",
          "scene": null
        },
        {
          "id": -1,
          "name": "个人中心",
          "pathName": "pages/user/index",
          "query": "",
          "scene": null
        },
        {
          "id": -1,
          "name": "订单查询",
          "pathName": "pages/order/index",
          "query": "type=1",
          "scene": null
        },
        {
          "id": -1,
          "name": "收藏商品",
          "pathName": "pages/collect/index",
          "query": "type=1",
          "scene": null
        },
        {
          "id": -1,
          "name": "搜索",
          "pathName": "pages/search/index",
          "query": "type=1",
          "scene": null
        },
        {
          "id": -1,
          "name": "意见反馈",
          "pathName": "pages/feedback/index",
          "query": "type=1",
          "scene": null
        },
        {
          "id": 12,
          "name": "添加地址",
          "pathName": "pages/address-add/index",
          "query": "id= 266976",
          "scene": null
        },
        {
          "id": -1,
          "name": "选择收获地址",
          "pathName": "pages/select-address/index",
          "query": "id= 266976",
          "scene": null
        },
        {
          "id": -1,
          "name": "pages/index/index",
          "pathName": "pages/index/index",
          "query": "id=123",
          "scene": null
        }
      ]
    }
  }
}